#queryIndex	queryItem	stringId	preferredName	annotation
2	SNX25	9606.ENSP00000426255	SNX25	Sorting nexin-25; May be involved in several stages of intracellular trafficking; Sorting nexins
3	TMEM52B	9606.ENSP00000371348	TMEM52B	Transmembrane protein 52B
4	FGFR1	9606.ENSP00000393312	FGFR1	Fibroblast growth factor receptor 1; Tyrosine-protein kinase that acts as cell-surface receptor for fibroblast growth factors and plays an essential role in the regulation of embryonic development, cell proliferation, differentiation and migration. Required for normal mesoderm patterning and correct axial organization during embryonic development, normal skeletogenesis and normal development of the gonadotropin-releasing hormone (GnRH) neuronal system. Phosphorylates PLCG1, FRS2, GAB1 and SHB. Ligand binding leads to the activation of several signaling cascades. Activation of PLCG1 lea [...] 
5	STK17B	9606.ENSP00000263955	STK17B	Serine/threonine-protein kinase 17B; Phosphorylates myosin light chains (By similarity). Acts as a positive regulator of apoptosis; Belongs to the protein kinase superfamily. CAMK Ser/Thr protein kinase family. DAP kinase subfamily
6	RFX7	9606.ENSP00000453281	RFX7	DNA-binding protein RFX7; Regulatory factor X family; Belongs to the RFX family
7	THBS1	9606.ENSP00000260356	THBS1	Thrombospondin-1; Adhesive glycoprotein that mediates cell-to-cell and cell-to-matrix interactions. Binds heparin. May play a role in dentinogenesis and/or maintenance of dentin and dental pulp (By similarity). Ligand for CD36 mediating antiangiogenic properties. Plays a role in ER stress response, via its interaction with the activating transcription factor 6 alpha (ATF6) which produces adaptive ER stress response factors (By similarity)
8	C5AR1	9606.ENSP00000347197	C5AR1	C5a anaphylatoxin chemotactic receptor 1; Receptor for the chemotactic and inflammatory peptide anaphylatoxin C5a. The ligand interacts with at least two sites on the receptor: a high-affinity site on the extracellular N-terminus, and a second site in the transmembrane region which activates downstream signaling events. Receptor activation stimulates chemotaxis, granule enzyme release, intracellular calcium release and superoxide anion production; CD molecules
9	ITGAL	9606.ENSP00000349252	ITGAL	Integrin subunit alpha l; Integrin alpha-L; Integrin alpha-L/beta-2 is a receptor for ICAM1, ICAM2, ICAM3 and ICAM4. Integrin alpha-L/beta-2 is also a receptor for F11R. Involved in a variety of immune phenomena including leukocyte-endothelial cell interaction, cytotoxic T-cell mediated killing, and antibody dependent killing by granulocytes and monocytes. Contributes to natural killer cell cytotoxicity. Involved in leukocyte adhesion and transmigration of leukocytes including T-cells and neutrophils. Required for generation of common lymphoid progenitor cells in bone marrow, indicatin [...] 
10	BAG3	9606.ENSP00000358081	BAG3	BAG family molecular chaperone regulator 3; Co-chaperone for HSP70 and HSC70 chaperone proteins. Acts as a nucleotide-exchange factor (NEF) promoting the release of ADP from the HSP70 and HSC70 proteins thereby triggering client/substrate protein release. Nucleotide release is mediated via its binding to the nucleotide-binding domain (NBD) of HSPA8/HSC70 where as the substrate release is mediated via its binding to the substrate-binding domain (SBD) of HSPA8/HSC70. Has anti-apoptotic activity. Plays a role in the HSF1 nucleocytoplasmic transport; BCL2 associated athanogene family
11	LMNA	9606.ENSP00000357283	LMNA	Prelamin-A/C; Lamins are components of the nuclear lamina, a fibrous layer on the nucleoplasmic side of the inner nuclear membrane, which is thought to provide a framework for the nuclear envelope and may also interact with chromatin. Lamin A and C are present in equal amounts in the lamina of mammals. Plays an important role in nuclear assembly, chromatin organization, nuclear membrane and telomere dynamics. Required for normal development of peripheral nervous system and skeletal muscle and for muscle satellite cell proliferation. Required for osteoblastogenesis and bone formation. A [...] 
13	TBCB	9606.ENSP00000221855	TBCB	Tubulin-folding cofactor B; Binds to alpha-tubulin folding intermediates after their interaction with cytosolic chaperonin in the pathway leading from newly synthesized tubulin to properly folded heterodimer. Involved in regulation of tubulin heterodimer dissociation. May function as a negative regulator of axonal growth (By similarity); Belongs to the TBCB family
14	PPP1R15A	9606.ENSP00000200453	PPP1R15A	Protein phosphatase 1 regulatory subunit 15A; Recruits the serine/threonine-protein phosphatase PP1 to dephosphorylate the translation initiation factor eIF-2A/EIF2S1, thereby reversing the shut-off of protein synthesis initiated by stress-inducible kinases and facilitating recovery of cells from stress. Down-regulates the TGF-beta signaling pathway by promoting dephosphorylation of TGFB1 by PP1. May promote apoptosis by inducing TP53 phosphorylation on 'Ser-15'
16	EIF4E	9606.ENSP00000425561	EIF4E	Eukaryotic translation initiation factor 4E
17	SYNGR3	9606.ENSP00000248121	SYNGR3	Synaptogyrin-3; May play a role in regulated exocytosis. May indirectly regulate the activity of the plasma membrane dopamine transporter SLC6A3 and thereby regulate dopamine transport back from the synaptic cleft into the presynaptic terminal; Belongs to the synaptogyrin family
18	IL32	9606.ENSP00000432218	IL32	Interleukin-32; Interleukin 32; Interleukins
19	AHRR	9606.ENSP00000323816	AHRR	Aryl hydrocarbon receptor repressor; Mediates dioxin toxicity and is involved in regulation of cell growth and differentiation. Represses the transcription activity of AHR by competing with this transcription factor for heterodimer formation with the ARNT and subsequently binding to the xenobiotic response element (XRE) sequence present in the promoter regulatory region of variety of genes. Represses CYP1A1 by binding the XRE sequence and recruiting ANKRA2, HDAC4 and/or HDAC5. Autoregulates its expression by associating with its own XRE site; Basic helix-loop-helix proteins
20	GFPT2	9606.ENSP00000253778	GFPT2	Glutamine--fructose-6-phosphate aminotransferase [isomerizing] 2; Controls the flux of glucose into the hexosamine pathway. Most likely involved in regulating the availability of precursors for N- and O-linked glycosylation of proteins
21	FAM177A1	9606.ENSP00000280987	FAM177A1	Protein FAM177A1; Family with sequence similarity 177 member A1
22	SGK1	9606.ENSP00000356832	SGK1	Serum/glucocorticoid-regulated kinase 1; Serine/threonine-protein kinase Sgk1; Serine/threonine-protein kinase which is involved in the regulation of a wide variety of ion channels, membrane transporters, cellular enzymes, transcription factors, neuronal excitability, cell growth, proliferation, survival, migration and apoptosis. Plays an important role in cellular stress response. Contributes to regulation of renal Na(+) retention, renal K(+) elimination, salt appetite, gastric acid secretion, intestinal Na(+)/H(+) exchange and nutrient transport, insulin-dependent salt sensitivity of [...] 
23	IFT27	9606.ENSP00000393541	IFT27	Intraflagellar transport protein 27 homolog; Small GTPase-like component of the intraflagellar transport (IFT) complex B that promotes the exit of the BBSome complex from cilia via its interaction with ARL6. Not involved in entry of the BBSome complex into cilium. Prevents aggregation of GTP-free ARL6. Required for hedgehog signaling. Forms a subcomplex within the IFT complex B with IFT25 (By similarity)
24	BCAR3	9606.ENSP00000359264	BCAR3	Breast cancer anti-estrogen resistance protein 3; May act as an adapter protein and couple activated growth factor receptors to a signaling pathway that regulates the proliferation in breast cancer cells. When overexpressed, it confers anti-estrogen resistance in breast cancer cell lines. May also be regulated by cellular adhesion to extracellular matrix proteins; NSP adaptor proteins
25	AIF1	9606.ENSP00000365227	AIF1	Allograft inflammatory factor 1; Actin-binding protein that enhances membrane ruffling and RAC activation. Enhances the actin-bundling activity of LCP1. Binds calcium. Plays a role in RAC signaling and in phagocytosis. May play a role in macrophage activation and function. Promotes the proliferation of vascular smooth muscle cells and of T- lymphocytes. Enhances lymphocyte migration. Plays a role in vascular inflammation; EF-hand domain containing
26	ACSL1	9606.ENSP00000422607	ACSL1	Long-chain-fatty-acid--CoA ligase 1; Activation of long-chain fatty acids for both synthesis of cellular lipids, and degradation via beta-oxidation. Preferentially uses palmitoleate, oleate and linoleate; Acyl-CoA synthetase family
27	SLC25A19	9606.ENSP00000385312	SLC25A19	Mitochondrial thiamine pyrophosphate carrier; Mitochondrial transporter mediating uptake of thiamine pyrophosphate (ThPP) into mitochondria; Solute carriers
28	CEBPB	9606.ENSP00000305422	CEBPB	CCAAT/enhancer-binding protein beta; Important transcription factor regulating the expression of genes involved in immune and inflammatory responses. Plays also a significant role in adipogenesis, as well as in the gluconeogenic pathway, liver regeneration, and hematopoiesis. The consensus recognition site is 5'- T[TG]NNGNAA[TG]-3'. Its functional capacity is governed by protein interactions and post-translational protein modifications. During early embryogenesis, plays essential and redundant functions with CEBPA. Has a promitotic effect on many cell types such as hepatocytes and adip [...] 
29	NLRP3	9606.ENSP00000337383	NLRP3	NACHT, LRR and PYD domains-containing protein 3; As the sensor component of the NLRP3 inflammasome, plays a crucial role in innate immunity and inflammation. In response to pathogens and other damage-associated signals, initiates the formation of the inflammasome polymeric complex, made of NLRP3, PYCARD and CASP1 (and possibly CASP4 and CASP5). Recruitment of proCASP1 to the inflammasome promotes its activation and CASP1- catalyzed IL1B and IL18 maturation and secretion in the extracellular milieu. Activation of NLRP3 inflammasome is also required for HMGB1 secretion. The active cytoki [...] 
30	INPP4B	9606.ENSP00000425487	INPP4B	Type II inositol 3,4-bisphosphate 4-phosphatase; Catalyzes the hydrolysis of the 4-position phosphate of phosphatidylinositol 3,4-bisphosphate, inositol 1,3,4- trisphosphate and inositol 1,4-bisphosphate
31	PAFAH1B1	9606.ENSP00000380378	PAFAH1B1	Platelet-activating factor acetylhydrolase IB subunit alpha; Required for proper activation of Rho GTPases and actin polymerization at the leading edge of locomoting cerebellar neurons and postmigratory hippocampal neurons in response to calcium influx triggered via NMDA receptors. Non-catalytic subunit of an acetylhydrolase complex which inactivates platelet- activating factor (PAF) by removing the acetyl group at the SN-2 position (By similarity). Positively regulates the activity of the minus-end directed microtubule motor protein dynein. May enhance dynein-mediated microtubule slid [...] 
32	CREM	9606.ENSP00000265372	CREM	cAMP responsive element modulator; Basic leucine zipper proteins
33	EIF4E	9606.ENSP00000425561	EIF4E	Eukaryotic translation initiation factor 4E
34	CD109	9606.ENSP00000287097	CD109	CD109 antigen; Modulates negatively TGFB1 signaling in keratinocytes; Belongs to the protease inhibitor I39 (alpha-2- macroglobulin) family
35	ZNF165	9606.ENSP00000366542	ZNF165	Zinc finger protein 165; May be involved in transcriptional regulation; Belongs to the krueppel C2H2-type zinc-finger protein family
36	TMEM107	9606.ENSP00000314116	TMEM107	Transmembrane protein 107; Plays a role in cilia formation and embryonic patterning. Requires for normal Sonic hedgehog (Shh) signaling in the neural tube and acts in combination with GLI2 and GLI3 to pattern ventral and intermediate neuronal cell types (By similarity). During ciliogenesis regulates the ciliary transition zone localization of some MKS complex proteins
37	CLN8	9606.ENSP00000328182	CLN8	Protein CLN8; Could play a role in cell proliferation during neuronal differentiation and in protection against cell death; TLC domain containing
38	GPR157	9606.ENSP00000366628	GPR157	G-protein coupled receptor 157; Orphan receptor that promotes neuronal differentiation of radial glial progenitors (RGPs). The activity of this receptor is mediated by a G(q)-protein that activates a phosphatidylinositol-calcium second messenger; 7TM orphan receptors
39	G0S2	9606.ENSP00000355996	G0S2	G0/G1 switch protein 2; Promotes apoptosis by binding to BCL2, hence preventing the formation of protective BCL2-BAX heterodimers
40	PDE4B	9606.ENSP00000332116	PDE4B	cAMP-specific 3',5'-cyclic phosphodiesterase 4B; Hydrolyzes the second messenger cAMP, which is a key regulator of many important physiological processes. May be involved in mediating central nervous system effects of therapeutic agents ranging from antidepressants to antiasthmatic and anti-inflammatory agents; Phosphodiesterases
41	SPOCK2	9606.ENSP00000362201	SPOCK2	Sparc/osteonectin, cwcv and kazal-like domains proteoglycan (testican); Testican-2; May participate in diverse steps of neurogenesis. Binds calcium; SPARC family
42	PLOD1	9606.ENSP00000196061	PLOD1	Procollagen-lysine,2-oxoglutarate 5-dioxygenase 1; Part of a complex composed of PLOD1, P3H3 and P3H4 that catalyzes hydroxylation of lysine residues in collagen alpha chains and is required for normal assembly and cross-linkling of collagen fibrils (By similarity). Forms hydroxylysine residues in -Xaa-Lys-Gly- sequences in collagens. These hydroxylysines serve as sites of attachment for carbohydrate units and are essential for the stability of the intermolecular collagen cross-links (Probable)
43	CXCR6	9606.ENSP00000395704	CXCR6	C-X-C chemokine receptor type 6; Receptor for the C-X-C chemokine CXCL16. Used as a coreceptor by SIVs and by strains of HIV-2 and m-tropic HIV-1
44	TMEM256-PLSCR3	9606.ENSP00000438547	PLSCR3	TMEM256-PLSCR3 readthrough; Phospholipid scramblase 3; May mediate accelerated ATP-independent bidirectional transbilayer migration of phospholipids upon binding calcium ions that results in a loss of phospholipid asymmetry in the plasma membrane. May play a central role in the initiation of fibrin clot formation, in the activation of mast cells and in the recognition of apoptotic and injured cells by the reticuloendothelial system. Seems to play a role in apoptosis, through translocation of cardiolipin from the inner to the outer mitochondrial membrane which promotes BID recruitment a [...] 
45	MBNL3	9606.ENSP00000359890	MBNL3	Muscleblind-like protein 3; Mediates pre-mRNA alternative splicing regulation. Acts either as activator or repressor of splicing on specific pre-mRNA targets. Inhibits cardiac troponin-T (TNNT2) pre-mRNA exon inclusion but induces insulin receptor (IR) pre-mRNA exon inclusion in muscle. Antagonizes the alternative splicing activity pattern of CELF proteins. May play a role in myotonic dystrophy pathophysiology (DM). Could inhibit terminal muscle differentiation, acting at approximately the time of myogenin induction; Zinc fingers CCCH-type
46	P2RY1	9606.ENSP00000304767	P2RY1	P2Y purinoceptor 1; Receptor for extracellular adenine nucleotides such as ATP and ADP. In platelets binding to ADP leads to mobilization of intracellular calcium ions via activation of phospholipase C, a change in platelet shape, and probably to platelet aggregation; Belongs to the G-protein coupled receptor 1 family
47	FOSL2	9606.ENSP00000264716	FOSL2	Fos like 2, ap-1 transcription factor subunit; Fos-related antigen 2; Controls osteoclast survival and size. As a dimer with JUN, activates LIF transcription. Activates CEBPB transcription in PGE2-activated osteoblasts; Basic leucine zipper proteins
48	IFITM1	9606.ENSP00000386187	IFITM1	Interferon-induced transmembrane protein 1; IFN-induced antiviral protein which inhibits the entry of viruses to the host cell cytoplasm, permitting endocytosis, but preventing subsequent viral fusion and release of viral contents into the cytosol. Active against multiple viruses, including influenza A virus, SARS coronavirus (SARS-CoV), Marburg virus (MARV), Ebola virus (EBOV), Dengue virus (DNV), West Nile virus (WNV), human immunodeficiency virus type 1 (HIV-1) and hepatitis C virus (HCV). Can inhibit: influenza virus hemagglutinin protein- mediated viral entry, MARV and EBOV GP1,2- [...] 
49	CD83	9606.ENSP00000368450	CD83	CD83 antigen; May play a significant role in antigen presentation or the cellular interactions that follow lymphocyte activation; CD molecules
50	HK2	9606.ENSP00000290573	HK2	Hexokinase-2; Hexokinase 2; Belongs to the hexokinase family
51	LGMN	9606.ENSP00000376911	LGMN	Legumain; Has a strict specificity for hydrolysis of asparaginyl bonds. Can also cleave aspartyl bonds slowly, especially under acidic conditions. Required for normal lysosomal protein degradation in renal proximal tubules. Required for normal degradation of internalized EGFR. Plays a role in the regulation of cell proliferation via its role in EGFR degradation (By similarity). May be involved in the processing of proteins for MHC class II antigen presentation in the lysosomal/endosomal system; Belongs to the peptidase C13 family
52	NR4A2	9606.ENSP00000344479	NR4A2	Nuclear receptor subfamily 4 group A member 2; Transcriptional regulator which is important for the differentiation and maintenance of meso-diencephalic dopaminergic (mdDA) neurons during development. It is crucial for expression of a set of genes such as SLC6A3, SLC18A2, TH and DRD2 which are essential for development of mdDA neurons (By similarity); Belongs to the nuclear hormone receptor family. NR4 subfamily
53	PPIF	9606.ENSP00000225174	PPIF	Peptidyl-prolyl cis-trans isomerase F, mitochondrial; PPIases accelerate the folding of proteins. It catalyzes the cis-trans isomerization of proline imidic peptide bonds in oligopeptides. Involved in regulation of the mitochondrial permeability transition pore (mPTP). It is proposed that its association with the mPTP is masking a binding site for inhibiting inorganic phosphate (Pi) and promotes the open probability of the mPTP leading to apoptosis or necrosis; the requirement of the PPIase activity for this function is debated. In cooperation with mitochondrial TP53 is involved in act [...] 
54	NTNG2	9606.ENSP00000376921	NTNG2	Netrin-G2; Involved in controlling patterning and neuronal circuit formation at the laminar, cellular, subcellular and synaptic levels. Promotes neurite outgrowth of both axons and dendrites; Netrins
55	OLR1	9606.ENSP00000309124	OLR1	Oxidized low-density lipoprotein receptor 1; Receptor that mediates the recognition, internalization and degradation of oxidatively modified low density lipoprotein (oxLDL) by vascular endothelial cells. OxLDL is a marker of atherosclerosis that induces vascular endothelial cell activation and dysfunction, resulting in pro-inflammatory responses, pro- oxidative conditions and apoptosis. Its association with oxLDL induces the activation of NF-kappa-B through an increased production of intracellular reactive oxygen and a variety of pro- atherogenic cellular responses including a reductio [...] 
56	LDLRAD4	9606.ENSP00000352420	LDLRAD4	Low-density lipoprotein receptor class A domain-containing protein 4; Functions as a negative regulator of TGF-beta signaling and thereby probably plays a role in cell proliferation, differentiation, apoptosis, motility, extracellular matrix production and immunosuppression. In the canonical TGF-beta pathway, ZFYVE9/SARA recruits the intracellular signal transducer and transcriptional modulators SMAD2 and SMAD3 to the TGF-beta receptor. Phosphorylated by the receptor, SMAD2 and SMAD3 then form a heteromeric complex with SMAD4 that translocates to the nucleus to regulate transcription.  [...] 
57	RBPJ	9606.ENSP00000345206	RBPJ	Recombining binding protein suppressor of hairless; Transcriptional regulator that plays a central role in Notch signaling, a signaling pathway involved in cell-cell communication that regulates a broad spectrum of cell-fate determinations. Acts as a transcriptional repressor when it is not associated with Notch proteins. When associated with some NICD product of Notch proteins (Notch intracellular domain), it acts as a transcriptional activator that activates transcription of Notch target genes. Probably represses or activates transcription via the recruitment of chromatin remodeling  [...] 
58	TNS1	9606.ENSP00000171887	TNS1	Tensin-1; Involved in fibrillar adhesion formation. May be involved in cell migration, cartilage development and in linking signal transduction pathways to the cytoskeleton; C2 tensin-type domain containing
59	ABL1	9606.ENSP00000361423	ABL1	Tyrosine-protein kinase ABL1; Non-receptor tyrosine-protein kinase that plays a role in many key processes linked to cell growth and survival such as cytoskeleton remodeling in response to extracellular stimuli, cell motility and adhesion, receptor endocytosis, autophagy, DNA damage response and apoptosis. Coordinates actin remodeling through tyrosine phosphorylation of proteins controlling cytoskeleton dynamics like WASF3 (involved in branch formation); ANXA1 (involved in membrane anchoring); DBN1, DBNL, CTTN, RAPH1 and ENAH (involved in signaling); or MAPT and PXN (microtubule-bindin [...] 
60	RAPH1	9606.ENSP00000316543	RAPH1	Ras-associated and pleckstrin homology domains-containing protein 1; Mediator of localized membrane signals. Implicated in the regulation of lamellipodial dynamics. Negatively regulates cell adhesion; Pleckstrin homology domain containing
61	SERPINE1	9606.ENSP00000223095	SERPINE1	Plasminogen activator inhibitor 1; Serine protease inhibitor. This inhibitor acts as 'bait' for tissue plasminogen activator, urokinase, protein C and matriptase-3/TMPRSS7. Its rapid interaction with PLAT may function as a major control point in the regulation of fibrinolysis; Serpin peptidase inhibitors
62	SORD	9606.ENSP00000267814	SORD	L-iditol 2-dehydrogenase; Sorbitol dehydrogenase; Converts sorbitol to fructose. Part of the polyol pathway that plays an important role in sperm physiology. May play a role in the sperm motility by providing an energetic source for sperm; Belongs to the zinc-containing alcohol dehydrogenase family
63	AKAP12	9606.ENSP00000384537	AKAP12	A-kinase anchor protein 12; Anchoring protein that mediates the subcellular compartmentation of protein kinase A (PKA) and protein kinase C (PKC); A-kinase anchoring proteins
64	CEBPD	9606.ENSP00000386165	CEBPD	CCAAT/enhancer-binding protein delta; Transcription activator that recognizes two different DNA motifs: the CCAAT homology common to many promoters and the enhanced core homology common to many enhancers. Important transcription factor regulating the expression of genes involved in immune and inflammatory responses. Transcriptional activator that enhances IL6 transcription alone and as heterodimer with CEBPB; Belongs to the bZIP family. C/EBP subfamily
65	SPAG9	9606.ENSP00000262013	SPAG9	C-Jun-amino-terminal kinase-interacting protein 4; The JNK-interacting protein (JIP) group of scaffold proteins selectively mediates JNK signaling by aggregating specific components of the MAPK cascade to form a functional JNK signaling module. Isoform 5 may play a role in spermatozoa-egg- interaction
66	ITGAL	9606.ENSP00000349252	ITGAL	Integrin subunit alpha l; Integrin alpha-L; Integrin alpha-L/beta-2 is a receptor for ICAM1, ICAM2, ICAM3 and ICAM4. Integrin alpha-L/beta-2 is also a receptor for F11R. Involved in a variety of immune phenomena including leukocyte-endothelial cell interaction, cytotoxic T-cell mediated killing, and antibody dependent killing by granulocytes and monocytes. Contributes to natural killer cell cytotoxicity. Involved in leukocyte adhesion and transmigration of leukocytes including T-cells and neutrophils. Required for generation of common lymphoid progenitor cells in bone marrow, indicatin [...] 
67	SPHK1	9606.ENSP00000313681	SPHK1	Sphingosine kinase 1; Catalyzes the phosphorylation of sphingosine to form sphingosine 1-phosphate (SPP), a lipid mediator with both intra- and extracellular functions. Also acts on D-erythro- sphingosine and to a lesser extent sphinganine, but not other lipids, such as D,L-threo-dihydrosphingosine, N,N- dimethylsphingosine, diacylglycerol, ceramide, or phosphatidylinositol
68	CARD16	9606.ENSP00000364858	CARD16	Caspase recruitment domain-containing protein 16; Caspase inhibitor. Acts as a regulator of procaspase- 1/CASP1 activation implicated in the regulation of the proteolytic maturation of pro-interleukin-1 beta (IL1B) and its release during inflammation. Inhibits the release of IL1B in response to LPS in monocytes. Also induces NF-kappa-B activation during the pro- inflammatory cytokine response. Also able to inhibit CASP1- mediated neuronal cell death, TNF-alpha, hypoxia-, UV-, and staurosporine-mediated cell death but not ER stress-mediated cell death. Acts by preventing activation of c [...] 
69	MACO1	9606.ENSP00000363463	TMEM57	Macoilin 1; Plays a role in the regulation of neuronal activity
70	CARS2	9606.ENSP00000257347	CARS2	Probable cysteine--tRNA ligase, mitochondrial; cysteinyl-tRNA synthetase 2, mitochondrial; Belongs to the class-I aminoacyl-tRNA synthetase family
71	KLF4	9606.ENSP00000363804	KLF4	Krueppel-like factor 4; Transcription factor; can act both as activator and as repressor. Binds the 5'-CACCC-3' core sequence. Binds to the promoter region of its own gene and can activate its own transcription. Regulates the expression of key transcription factors during embryonic development. Plays an important role in maintaining embryonic stem cells, and in preventing their differentiation. Required for establishing the barrier function of the skin and for postnatal maturation and maintenance of the ocular surface. Involved in the differentiation of epithelial cells and may also fu [...] 
72	HBA1	9606.ENSP00000322421	HBA1	Hemoglobin subunit alpha; Involved in oxygen transport from the lung to the various peripheral tissues; Belongs to the globin family
73	ITGA5	9606.ENSP00000293379	ITGA5	Integrin alpha-5; Integrin alpha-5/beta-1 is a receptor for fibronectin and fibrinogen. It recognizes the sequence R-G-D in its ligands. ITGA5:ITGB1 binds to PLA2G2A via a site (site 2) which is distinct from the classical ligand-binding site (site 1) and this induces integrin conformational changes and enhanced ligand binding to site 1. ITGA5:ITGB1 acts as a receptor for fibrillin-1 (FBN1) and mediates R-G-D-dependent cell adhesion to FBN1; CD molecules
74	MAFB	9606.ENSP00000362410	MAFB	Transcription factor MafB; Acts as a transcriptional activator or repressor. Plays a pivotal role in regulating lineage- specific hematopoiesis by repressing ETS1-mediated transcription of erythroid-specific genes in myeloid cells. Required for monocytic, macrophage, osteoclast, podocyte and islet beta cell differentiation. Involved in renal tubule survival and F4/80 maturation. Activates the insulin and glucagon promoters. Together with PAX6, transactivates weakly the glucagon gene promoter through the G1 element. SUMO modification controls its transcriptional activity and ability to  [...] 
75	CTTNBP2NL	9606.ENSP00000271277	CTTNBP2NL	CTTNBP2 N-terminal-like protein; CTTNBP2 N-terminal like; STRIPAK complex
76	PIK3R2	9606.ENSP00000222254	PIK3R2	Phosphoinositide-3-kinase regulatory subunit alpha/beta/delta; Phosphatidylinositol 3-kinase regulatory subunit beta; Regulatory subunit of phosphoinositide-3-kinase (PI3K), a kinase that phosphorylates PtdIns(4,5)P2 (Phosphatidylinositol 4,5-bisphosphate) to generate phosphatidylinositol 3,4,5- trisphosphate (PIP3). PIP3 plays a key role by recruiting PH domain-containing proteins to the membrane, including AKT1 and PDPK1, activating signaling cascades involved in cell growth, survival, proliferation, motility and morphology. Binds to activated (phosphorylated) protein-tyrosine kinase [...] 
77	STX8	9606.ENSP00000305255	STX8	Syntaxin-8; Vesicle trafficking protein that functions in the early secretory pathway, possibly by mediating retrograde transport from cis-Golgi membranes to the ER; Belongs to the syntaxin family
78	GPR183	9606.ENSP00000365596	GPR183	Epstein-barr virus induced gene 2; G-protein coupled receptor 183; G-protein coupled receptor expressed in lymphocytes that acts as a chemotactic receptor for B-cells, T-cells, splenic dendritic cells, monocytes/macrophages and astrocytes (By similarity). Receptor for oxysterol 7-alpha,25- dihydroxycholesterol (7-alpha,25-OHC) and other related oxysterols. Mediates cell positioning and movement of a number of cells by binding the 7- alpha,25-OHC ligand that forms a chemotactic gradient (By similarity). Binding of 7-alpha,25-OHC mediates the correct localization of B-cells during humora [...] 
79	ATF3	9606.ENSP00000344352	ATF3	Cyclic AMP-dependent transcription factor ATF-3; This protein binds the cAMP response element (CRE) (consensus: 5'-GTGACGT[AC][AG]-3'), a sequence present in many viral and cellular promoters. Represses transcription from promoters with ATF sites. It may repress transcription by stabilizing the binding of inhibitory cofactors at the promoter. Isoform 2 activates transcription presumably by sequestering inhibitory cofactors away from the promoters; Basic leucine zipper proteins
80	PDE2A	9606.ENSP00000334910	PDE2A	cGMP-dependent 3',5'-cyclic phosphodiesterase; Cyclic nucleotide phosphodiesterase with a dual- specificity for the second messengers cAMP and cGMP, which are key regulators of many important physiological processes. Plays an important role in growth and invasion of malignant melanoma cells (e.g. pseudomyxoma peritonei (PMP) cell line)
81	TSTD1	9606.ENSP00000388293	TSTD1	Thiosulfate sulfurtransferase like domain containing 1; Thiosulfate:glutathione sulfurtransferase; Thiosulfate:glutathione sulfurtransferase (TST) required to produce glutathione persulfide (GSS(-)), a central intermediate in hydrogen sulfide metabolism. Provides the link between the first step in mammalian H(2)S metabolism performed by the sulfide:quinone oxidoreductase (SQOR) which catalyzes the conversion of H(2)S to thiosulfate, and the sulfur dioxygenase (SDO) which uses GSS(-) as substrate. The thermodynamic coupling of the irreversible SDO and reversible TST reactions provides a [...] 
82	ANTKMT	9606.ENSP00000454380	FAM173A	Adenine nucleotide translocase lysine methyltransferase; Protein FAM173A; Seven-beta-strand methyltransferase motif containing
83	HBB	9606.ENSP00000333994	HBB	Hemoglobin subunit beta; Involved in oxygen transport from the lung to the various peripheral tissues; Belongs to the globin family
84	SKAP1	9606.ENSP00000338171	SKAP1	Src kinase-associated phosphoprotein 1; Positively regulates T-cell receptor signaling by enhancing the MAP kinase pathway. Required for optimal conjugation between T-cells and antigen-presenting cells by promoting the clustering of integrin ITGAL on the surface of T-cells. May be involved in high affinity immunoglobulin epsilon receptor signaling in mast cells; Belongs to the SKAP family
85	CENPX	9606.ENSP00000376168	STRA13	Centromere protein X; DNA-binding component of the Fanconi anemia (FA) core complex. Required for the normal activation of the FA pathway, leading to monoubiquitination of the FANCI-FANCD2 complex in response to DNA damage, cellular resistance to DNA cross-linking drugs, and prevention of chromosomal breakage. In complex with CENPS (MHF heterodimer), crucial cofactor for FANCM in both binding and ATP-dependent remodeling of DNA. Stabilizes FANCM. In complex with CENPS and FANCM (but not other FANC proteins), rapidly recruited to blocked forks and promotes gene conversion at blocked rep [...] 
86	GPATCH2	9606.ENSP00000355902	GPATCH2	G patch domain-containing protein 2; Enhances the ATPase activity of DHX15 in vitro; G-patch domain containing
87	NFIL3	9606.ENSP00000297689	NFIL3	Nuclear factor interleukin-3-regulated protein; Acts as a transcriptional regulator that recognizes and binds to the sequence 5'-[GA]TTA[CT]GTAA[CT]-3', a sequence present in many cellular and viral promoters. Represses transcription from promoters with activating transcription factor (ATF) sites. Represses promoter activity in osteoblasts (By similarity). Represses transcriptional activity of PER1 (By similarity). Represses transcriptional activity of PER2 via the B- site on the promoter (By similarity). Activates transcription from the interleukin-3 promoter in T-cells. Competes for  [...] 
88	DNAJB1	9606.ENSP00000254322	DNAJB1	Dnaj heat shock protein family (hsp40) member b1; DnaJ homolog subfamily B member 1; Interacts with HSP70 and can stimulate its ATPase activity. Stimulates the association between HSC70 and HIP. Negatively regulates heat shock-induced HSF1 transcriptional activity during the attenuation and recovery phase period of the heat shock response. Stimulates ATP hydrolysis and the folding of unfolded proteins mediated by HSPA1A/B (in vitro)
89	BTG1	9606.ENSP00000256015	BTG1	Protein BTG1; Anti-proliferative protein; BTG/Tob family
90	SKIL	9606.ENSP00000415243	SKIL	Ski-like protein; May have regulatory role in cell division or differentiation in response to extracellular signals; Belongs to the SKI family
91	GSPT1	9606.ENSP00000398131	GSPT1	Eukaryotic peptide chain release factor GTP-binding subunit ERF3A; Involved in translation termination in response to the termination codons UAA, UAG and UGA. Stimulates the activity of ERF1. Involved in regulation of mammalian cell growth. Component of the transient SURF complex which recruits UPF1 to stalled ribosomes in the context of nonsense-mediated decay (NMD) of mRNAs containing premature stop codons; Belongs to the TRAFAC class translation factor GTPase superfamily. Classic translation factor GTPase family. ERF3 subfamily
92	TMEM51	9606.ENSP00000394899	TMEM51	Transmembrane protein 51
93	LIMS1	9606.ENSP00000446121	LIMS1	LIM and senescent cell antigen-like-containing domain protein 1; Adapter protein in a cytoplasmic complex linking beta- integrins to the actin cytoskeleton, bridges the complex to cell surface receptor tyrosine kinases and growth factor receptors. Involved in the regulation of cell survival, cell proliferation and cell differentiation; LIM domain containing
94	IL21R	9606.ENSP00000338010	IL21R	Interleukin-21 receptor; This is a receptor for interleukin-21; CD molecules
95	GPATCH2	9606.ENSP00000355902	GPATCH2	G patch domain-containing protein 2; Enhances the ATPase activity of DHX15 in vitro; G-patch domain containing
96	SLC43A2	9606.ENSP00000461382	SLC43A2	Mfs transporter, lat3 family, solute carrier family 43, member 2; Large neutral amino acids transporter small subunit 4; Sodium-, chloride-, and pH-independent high affinity transport of large neutral amino acids; Belongs to the SLC43A transporter (TC 2.A.1.44) family
97	THBD	9606.ENSP00000366307	THBD	Thrombomodulin; Thrombomodulin is a specific endothelial cell receptor that forms a 1:1 stoichiometric complex with thrombin. This complex is responsible for the conversion of protein C to the activated protein C (protein Ca). Once evolved, protein Ca scissions the activated cofactors of the coagulation mechanism, factor Va and factor VIIIa, and thereby reduces the amount of thrombin generated; C-type lectin domain containing
98	NFE2L2	9606.ENSP00000380252	NFE2L2	Nuclear factor erythroid 2-related factor 2; Transcription activator that binds to antioxidant response (ARE) elements in the promoter regions of target genes. Important for the coordinated up-regulation of genes in response to oxidative stress. May be involved in the transcriptional activation of genes of the beta-globin cluster by mediating enhancer activity of hypersensitive site 2 of the beta-globin locus control region; Basic leucine zipper proteins
99	SLC16A6	9606.ENSP00000319991	SLC16A6	Mfs transporter, mct family, solute carrier family 16 (monocarboxylic acid transporters), member 6; Monocarboxylate transporter 7; Proton-linked monocarboxylate transporter. Catalyzes the rapid transport across the plasma membrane of many monocarboxylates such as lactate, pyruvate, branched-chain oxo acids derived from leucine, valine and isoleucine, and the ketone bodies acetoacetate, beta-hydroxybutyrate and acetate (By similarity); Solute carriers
100	CD58	9606.ENSP00000358501	CD58	Lymphocyte function-associated antigen 3; Ligand of the T-lymphocyte CD2 glycoprotein. This interaction is important in mediating thymocyte interactions with thymic epithelial cells, antigen-independent and -dependent interactions of T-lymphocytes with target cells and antigen- presenting cells and the T-lymphocyte rosetting with erythrocytes. In addition, the LFA-3/CD2 interaction may prime response by both the CD2+ and LFA-3+ cells
101	CD109	9606.ENSP00000287097	CD109	CD109 antigen; Modulates negatively TGFB1 signaling in keratinocytes; Belongs to the protease inhibitor I39 (alpha-2- macroglobulin) family
102	YIPF5	9606.ENSP00000274496	YIPF5	Protein YIPF5; Plays a role in transport between endoplasmic reticulum and Golgi; Yip1 domain containing
103	LDLRAD4	9606.ENSP00000352420	LDLRAD4	Low-density lipoprotein receptor class A domain-containing protein 4; Functions as a negative regulator of TGF-beta signaling and thereby probably plays a role in cell proliferation, differentiation, apoptosis, motility, extracellular matrix production and immunosuppression. In the canonical TGF-beta pathway, ZFYVE9/SARA recruits the intracellular signal transducer and transcriptional modulators SMAD2 and SMAD3 to the TGF-beta receptor. Phosphorylated by the receptor, SMAD2 and SMAD3 then form a heteromeric complex with SMAD4 that translocates to the nucleus to regulate transcription.  [...] 
104	LMNA	9606.ENSP00000357283	LMNA	Prelamin-A/C; Lamins are components of the nuclear lamina, a fibrous layer on the nucleoplasmic side of the inner nuclear membrane, which is thought to provide a framework for the nuclear envelope and may also interact with chromatin. Lamin A and C are present in equal amounts in the lamina of mammals. Plays an important role in nuclear assembly, chromatin organization, nuclear membrane and telomere dynamics. Required for normal development of peripheral nervous system and skeletal muscle and for muscle satellite cell proliferation. Required for osteoblastogenesis and bone formation. A [...] 
105	MAP3K8	9606.ENSP00000263056	MAP3K8	Mitogen-activated protein kinase kinase kinase 8; Required for lipopolysaccharide (LPS)-induced, TLR4- mediated activation of the MAPK/ERK pathway in macrophages, thus being critical for production of the proinflammatory cytokine TNF- alpha (TNF) during immune responses. Involved in the regulation of T-helper cell differentiation and IFNG expression in T-cells. Involved in mediating host resistance to bacterial infection through negative regulation of type I interferon (IFN) production. In vitro, activates MAPK/ERK pathway in response to IL1 in an IRAK1-independent manner, leading to u [...] 
106	AKR7A2	9606.ENSP00000235835	AKR7A2	Aflatoxin B1 aldehyde reductase member 2; Catalyzes the NADPH-dependent reduction of succinic semialdehyde to gamma-hydroxybutyrate. May have an important role in producing the neuromodulator gamma-hydroxybutyrate (GHB). Has broad substrate specificity. Has NADPH-dependent aldehyde reductase activity towards 2-carboxybenzaldehyde, 2- nitrobenzaldehyde and pyridine-2-aldehyde (in vitro). Can reduce 1,2-naphthoquinone and 9,10-phenanthrenequinone (in vitro). Can reduce the dialdehyde protein-binding form of aflatoxin B1 (AFB1) to the non-binding AFB1 dialcohol. May be involved in protect [...] 
107	LMNA	9606.ENSP00000357283	LMNA	Prelamin-A/C; Lamins are components of the nuclear lamina, a fibrous layer on the nucleoplasmic side of the inner nuclear membrane, which is thought to provide a framework for the nuclear envelope and may also interact with chromatin. Lamin A and C are present in equal amounts in the lamina of mammals. Plays an important role in nuclear assembly, chromatin organization, nuclear membrane and telomere dynamics. Required for normal development of peripheral nervous system and skeletal muscle and for muscle satellite cell proliferation. Required for osteoblastogenesis and bone formation. A [...] 
108	ZNF331	9606.ENSP00000253144	ZNF331	Zinc finger protein 331; May be involved in transcriptional regulation. May play a role in spermatogenesis; Zinc fingers C2H2-type
109	VDR	9606.ENSP00000447173	VDR	Vitamin D3 receptor; Nuclear receptor for calcitriol, the active form of vitamin D3 which mediates the action of this vitamin on cells. Enters the nucleus upon vitamin D3 binding where it forms heterodimers with the retinoid X receptor/RXR. The VDR-RXR heterodimers bind to specific response elements on DNA and activate the transcription of vitamin D3-responsive target genes. Recruited to promoters via its interaction with BAZ1B/WSTF which mediates the interaction with acetylated histones, an essential step for VDR-promoter association. Plays a central role in calcium homeostasis; Belon [...] 
110	INPP4B	9606.ENSP00000425487	INPP4B	Type II inositol 3,4-bisphosphate 4-phosphatase; Catalyzes the hydrolysis of the 4-position phosphate of phosphatidylinositol 3,4-bisphosphate, inositol 1,3,4- trisphosphate and inositol 1,4-bisphosphate
111	LAT	9606.ENSP00000378845	LAT	Linker for activation of t-cells family member 1; Linker for activation of T cells
112	ARHGEF7	9606.ENSP00000364893	ARHGEF7	Rho guanine nucleotide exchange factor 7; Acts as a RAC1 guanine nucleotide exchange factor (GEF) and can induce membrane ruffling. Functions in cell migration, attachment and cell spreading. Promotes targeting of RAC1 to focal adhesions (By similarity). May function as a positive regulator of apoptosis. Downstream of NMDA receptors and CaMKK-CaMK1 signaling cascade, promotes the formation of spines and synapses in hippocampal neurons; Pleckstrin homology domain containing
113	FARS2	9606.ENSP00000316335	FARS2	Phenylalanine--tRNA ligase, mitochondrial; Is responsible for the charging of tRNA(Phe) with phenylalanine in mitochondrial translation. To a lesser extent, also catalyzes direct attachment of m-Tyr (an oxidized version of Phe) to tRNA(Phe), thereby opening the way for delivery of the misacylated tRNA to the ribosome and incorporation of ROS-damaged amino acid into proteins; Belongs to the class-II aminoacyl-tRNA synthetase family
114	RBPJ	9606.ENSP00000345206	RBPJ	Recombining binding protein suppressor of hairless; Transcriptional regulator that plays a central role in Notch signaling, a signaling pathway involved in cell-cell communication that regulates a broad spectrum of cell-fate determinations. Acts as a transcriptional repressor when it is not associated with Notch proteins. When associated with some NICD product of Notch proteins (Notch intracellular domain), it acts as a transcriptional activator that activates transcription of Notch target genes. Probably represses or activates transcription via the recruitment of chromatin remodeling  [...] 
115	PMEPA1	9606.ENSP00000345826	PMEPA1	Protein TMEPAI; Functions as a negative regulator of TGF-beta signaling and thereby probably plays a role in cell proliferation, differentiation, apoptosis, motility, extracellular matrix production and immunosuppression. In the canonical TGF-beta pathway, ZFYVE9/SARA recruits the intracellular signal transducer and transcriptional modulators SMAD2 and SMAD3 to the TGF-beta receptor. Phosphorylated by the receptor, SMAD2 and SMAD3 then form a heteromeric complex with SMAD4 that translocates to the nucleus to regulate transcription. Through interaction with SMAD2 and SMAD3, LDLRAD4 may  [...] 
116	MED14	9606.ENSP00000323720	MED14	Mediator of RNA polymerase II transcription subunit 14; Component of the Mediator complex, a coactivator involved in the regulated transcription of nearly all RNA polymerase II-dependent genes. Mediator functions as a bridge to convey information from gene-specific regulatory proteins to the basal RNA polymerase II transcription machinery. Mediator is recruited to promoters by direct interactions with regulatory proteins and serves as a scaffold for the assembly of a functional preinitiation complex with RNA polymerase II and the general transcription factors
117	ZFP36	9606.ENSP00000469647	ZFP36	mRNA decay activator protein ZFP36; Zinc-finger RNA-binding protein that destabilizes several cytoplasmic AU-rich element (ARE)-containing mRNA transcripts by promoting their poly(A) tail removal or deadenylation, and hence provide a mechanism for attenuating protein synthesis. Acts as an 3'-untranslated region (UTR) ARE mRNA-binding adapter protein to communicate signaling events to the mRNA decay machinery. Recruits deadenylase CNOT7 (and probably the CCR4-NOT complex) via association with CNOT1, and hence promotes ARE-mediated mRNA deadenylation. Functions also by recruiting compone [...] 
118	PMEPA1	9606.ENSP00000345826	PMEPA1	Protein TMEPAI; Functions as a negative regulator of TGF-beta signaling and thereby probably plays a role in cell proliferation, differentiation, apoptosis, motility, extracellular matrix production and immunosuppression. In the canonical TGF-beta pathway, ZFYVE9/SARA recruits the intracellular signal transducer and transcriptional modulators SMAD2 and SMAD3 to the TGF-beta receptor. Phosphorylated by the receptor, SMAD2 and SMAD3 then form a heteromeric complex with SMAD4 that translocates to the nucleus to regulate transcription. Through interaction with SMAD2 and SMAD3, LDLRAD4 may  [...] 
119	HSPA1A	9606.ENSP00000364802	HSPA1A	Heat shock protein family a member 1a; Heat shock 70 kDa protein 1A; Molecular chaperone implicated in a wide variety of cellular processes, including protection of the proteome from stress, folding and transport of newly synthesized polypeptides, activation of proteolysis of misfolded proteins and the formation and dissociation of protein complexes. Plays a pivotal role in the protein quality control system, ensuring the correct folding of proteins, the re-folding of misfolded proteins and controlling the targeting of proteins for subsequent degradation. This is achieved through cycle [...] 
120	BHLHE40	9606.ENSP00000256495	BHLHE40	Class E basic helix-loop-helix protein 40; Transcriptional repressor involved in the regulation of the circadian rhythm by negatively regulating the activity of the clock genes and clock-controlled genes. Acts as the negative limb of a novel autoregulatory feedback loop (DEC loop) which differs from the one formed by the PER and CRY transcriptional repressors (PER/CRY loop). Both these loops are interlocked as it represses the expression of PER1/2 and in turn is repressed by PER1/2 and CRY1/2. Represses the activity of the circadian transcriptional activator: CLOCK-ARNTL/BMAL1|ARNTL2/B [...] 
121	OLIG2	9606.ENSP00000331040	OLIG2	Oligodendrocyte transcription factor 2; Required for oligodendrocyte and motor neuron specification in the spinal cord, as well as for the development of somatic motor neurons in the hindbrain. Cooperates with OLIG1 to establish the pMN domain of the embryonic neural tube. Antagonist of V2 interneuron and of NKX2-2-induced V3 interneuron development (By similarity); Basic helix-loop-helix proteins
122	AQP9	9606.ENSP00000219919	AQP9	Aquaporin-9; Forms a channel with a broad specificity. Mediates passage of a wide variety of non-charged solutes including carbamides, polyols, purines, and pyrimidines in a phloretin- and mercury-sensitive manner, whereas amino acids, cyclic sugars, Na(+), K(+), Cl(-), and deprotonated monocarboxylates are excluded. Also permeable to urea and glycerol; Belongs to the MIP/aquaporin (TC 1.A.8) family
123	LUC7L3	9606.ENSP00000425092	LUC7L3	Luc7-like protein 3; Binds cAMP regulatory element DNA sequence. May play a role in RNA splicing; Belongs to the Luc7 family
124	MSC	9606.ENSP00000321445	MSC	Musculin; Transcription repressor capable of inhibiting the transactivation capability of TCF3/E47. May play a role in regulating antigen-dependent B-cell differentiation; Basic helix-loop-helix proteins
125	HIF1A	9606.ENSP00000437955	HIF1A	Hypoxia-inducible factor 1-alpha; Functions as a master transcriptional regulator of the adaptive response to hypoxia. Under hypoxic conditions, activates the transcription of over 40 genes, including erythropoietin, glucose transporters, glycolytic enzymes, vascular endothelial growth factor, HILPDA, and other genes whose protein products increase oxygen delivery or facilitate metabolic adaptation to hypoxia. Plays an essential role in embryonic vascularization, tumor angiogenesis and pathophysiology of ischemic disease. Binds to core DNA sequence 5'-[AG]CGTG-3' within the hypoxia res [...] 
126	CCNH	9606.ENSP00000256897	CCNH	Cyclin-H; Regulates CDK7, the catalytic subunit of the CDK- activating kinase (CAK) enzymatic complex. CAK activates the cyclin-associated kinases CDK1, CDK2, CDK4 and CDK6 by threonine phosphorylation. CAK complexed to the core-TFIIH basal transcription factor activates RNA polymerase II by serine phosphorylation of the repetitive C-terminal domain (CTD) of its large subunit (POLR2A), allowing its escape from the promoter and elongation of the transcripts. Involved in cell cycle control and in RNA transcription by RNA polymerase II. Its expression and activity are constant throughout  [...] 
127	FAM43A	9606.ENSP00000371397	FAM43A	Protein FAM43A; Family with sequence similarity 43 member A; Belongs to the FAM43 family
128	ABCB1	9606.ENSP00000478255	ABCB1	Multidrug resistance protein 1; Energy-dependent efflux pump responsible for decreased drug accumulation in multidrug-resistant cells; ATP binding cassette subfamily B
129	TNS1	9606.ENSP00000171887	TNS1	Tensin-1; Involved in fibrillar adhesion formation. May be involved in cell migration, cartilage development and in linking signal transduction pathways to the cytoskeleton; C2 tensin-type domain containing
130	NECTIN3	9606.ENSP00000418070	PVRL3	Poliovirus receptor-related protein 3; Nectin-3; Plays a role in cell-cell adhesion through heterophilic trans-interactions with nectin-like proteins or nectins, such as trans-interaction with NECTIN2 at Sertoli-spermatid junctions. Trans-interaction with PVR induces activation of CDC42 and RAC small G proteins through common signaling molecules such as SRC and RAP1. Also involved in the formation of cell-cell junctions, including adherens junctions and synapses. Induces endocytosis- mediated down-regulation of PVR from the cell surface, resulting in reduction of cell movement and prol [...] 
131	HSP90AA1	9606.ENSP00000335153	HSP90AA1	Heat shock protein HSP 90-alpha; Molecular chaperone that promotes the maturation, structural maintenance and proper regulation of specific target proteins involved for instance in cell cycle control and signal transduction. Undergoes a functional cycle that is linked to its ATPase activity which is essential for its chaperone activity. This cycle probably induces conformational changes in the client proteins, thereby causing their activation. Interacts dynamically with various co-chaperones that modulate its substrate recognition, ATPase cycle and chaperone function. Engages with a ra [...] 
132	DNAJB6	9606.ENSP00000262177	DNAJB6	DnaJ homolog subfamily B member 6; Plays an indispensable role in the organization of KRT8/KRT18 filaments. Acts as an endogenous molecular chaperone for neuronal proteins including huntingtin. Suppresses aggregation and toxicity of polyglutamine-containing, aggregation-prone proteins. Isoform B but not isoform A inhibits huntingtin aggregation. Has a stimulatory effect on the ATPase activity of HSP70 in a dose-dependent and time-dependent manner and hence acts as a co-chaperone of HSP70. Also reduces cellular toxicity and caspase-3 activity; DNAJ heat shock proteins
133	FAM8A1	9606.ENSP00000259963	FAM8A1	Protein FAM8A1; Family with sequence similarity 8 member A1
134	SYNJ2	9606.ENSP00000347792	SYNJ2	Synaptojanin-2; Inositol 5-phosphatase which may be involved in distinct membrane trafficking and signal transduction pathways. May mediate the inhibitory effect of Rac1 on endocytosis; Belongs to the synaptojanin family
135	THEMIS2	9606.ENSP00000363031	THEMIS2	Thymocyte selection associated family member 2; Protein THEMIS2; May constitute a control point in macrophage inflammatory response, promoting LPS-induced TNF production
136	DUSP1	9606.ENSP00000239223	DUSP1	Dual specificity protein phosphatase 1; Dual specificity phosphatase that dephosphorylates MAP kinase MAPK1/ERK2 on both 'Thr-183' and 'Tyr-185', regulating its activity during the meiotic cell cycle; Belongs to the protein-tyrosine phosphatase family. Non-receptor class dual specificity subfamily
137	ARPP19	9606.ENSP00000455625	ARPP19	cAMP-regulated phosphoprotein 19; Protein phosphatase inhibitor that specifically inhibits protein phosphatase 2A (PP2A) during mitosis. When phosphorylated at Ser-62 during mitosis, specifically interacts with PPP2R2D (PR55-delta) and inhibits its activity, leading to inactivation of PP2A, an essential condition to keep cyclin-B1-CDK1 activity high during M phase. May indirectly enhance GAP-43 expression; Belongs to the endosulfine family
138	PMEPA1	9606.ENSP00000345826	PMEPA1	Protein TMEPAI; Functions as a negative regulator of TGF-beta signaling and thereby probably plays a role in cell proliferation, differentiation, apoptosis, motility, extracellular matrix production and immunosuppression. In the canonical TGF-beta pathway, ZFYVE9/SARA recruits the intracellular signal transducer and transcriptional modulators SMAD2 and SMAD3 to the TGF-beta receptor. Phosphorylated by the receptor, SMAD2 and SMAD3 then form a heteromeric complex with SMAD4 that translocates to the nucleus to regulate transcription. Through interaction with SMAD2 and SMAD3, LDLRAD4 may  [...] 
139	CLN8	9606.ENSP00000328182	CLN8	Protein CLN8; Could play a role in cell proliferation during neuronal differentiation and in protection against cell death; TLC domain containing
140	SYN1	9606.ENSP00000295987	SYN1	Synapsin-1; Neuronal phosphoprotein that coats synaptic vesicles, binds to the cytoskeleton, and is believed to function in the regulation of neurotransmitter release. The complex formed with NOS1 and CAPON proteins is necessary for specific nitric-oxid functions at a presynaptic level; Synapsins
141	DUSP23	9606.ENSP00000357087	DUSP23	Dual specificity protein phosphatase 23; Protein phosphatase that mediates dephosphorylation of proteins phosphorylated on Tyr and Ser/Thr residues. In vitro, it can dephosphorylate p44-ERK1 (MAPK3) but not p54 SAPK-beta (MAPK10) in vitro. Able to enhance activation of JNK and p38 (MAPK14); Atypical dual specificity phosphatases
142	RALA	9606.ENSP00000005257	RALA	Ras-related protein Ral-A; Multifunctional GTPase involved in a variety of cellular processes including gene expression, cell migration, cell proliferation, oncogenic transformation and membrane trafficking. Accomplishes its multiple functions by interacting with distinct downstream effectors. Acts as a GTP sensor for GTP-dependent exocytosis of dense core vesicles. The RALA-exocyst complex regulates integrin-dependent membrane raft exocytosis and growth signaling. Key regulator of LPAR1 signaling and competes with GRK2 for binding to LPAR1 thus affecting the signaling properties of th [...] 
143	PFKFB3	9606.ENSP00000443319	PFKFB3	6-phosphofructo-2-kinase/fructose-2,6-bisphosphatase 3; Synthesis and degradation of fructose 2,6-bisphosphate; In the C-terminal section; belongs to the phosphoglycerate mutase family
144	TREM1	9606.ENSP00000244709	TREM1	Triggering receptor expressed on myeloid cells 1; Stimulates neutrophil and monocyte-mediated inflammatory responses. Triggers release of pro-inflammatory chemokines and cytokines, as well as increased surface expression of cell activation markers. Amplifier of inflammatory responses that are triggered by bacterial and fungal infections and is a crucial mediator of septic shock; CD molecules
145	DDI2	9606.ENSP00000417748	DDI2	DNA damage inducible 1 homolog 2; Belongs to the DDI1 family
146	SH3BP5	9606.ENSP00000373301	SH3BP5	SH3 domain-binding protein 5; Inhibits the auto- and transphosphorylation activity of BTK. Plays a negative regulatory role in BTK-related cytoplasmic signaling in B-cells. May be involved in BCR-induced apoptotic cell death; Belongs to the SH3BP5 family
147	HSPH1	9606.ENSP00000318687	HSPH1	Heat shock protein 105 kDa; Acts as a nucleotide-exchange factor (NEF) for chaperone proteins HSPA1A and HSPA1B, promoting the release of ADP from HSPA1A/B thereby triggering client/substrate protein release. Prevents the aggregation of denatured proteins in cells under severe stress, on which the ATP levels decrease markedly. Inhibits HSPA8/HSC70 ATPase and chaperone activities (By similarity); Heat shock 70kDa proteins
148	CDK19	9606.ENSP00000357907	CDK19	Cyclin-dependent kinase 8/11; Cyclin dependent kinase 19; Belongs to the protein kinase superfamily. CMGC Ser/Thr protein kinase family. CDC2/CDKX subfamily
149	PLIN2	9606.ENSP00000276914	PLIN2	Perilipin-2; May be involved in development and maintenance of adipose tissue; Perilipins
150	PIGK	9606.ENSP00000359848	PIGK	Phosphatidylinositol glycan anchor biosynthesis class k; GPI-anchor transamidase; Mediates GPI anchoring in the endoplasmic reticulum, by replacing a protein's C-terminal GPI attachment signal peptide with a pre-assembled GPI. During this transamidation reaction, the GPI transamidase forms a carbonyl intermediate with the substrate protein; Belongs to the peptidase C13 family
151	ADGRG3	9606.ENSP00000332900	GPR97	Adhesion G protein-coupled receptor G3; Orphan receptor that regulates migration of lymphatic endothelial cells in vitro via the small GTPases RhoA and CDC42. Regulates B-cell development (By similarity). Seems to signal through G-alpha(q)-proteins
152	H2AC19	9606.ENSP00000358155	HIST2H2AA	Histone cluster 2 H2A family member a4; Core component of nucleosome. Nucleosomes wrap and compact DNA into chromatin, limiting DNA accessibility to the cellular machineries which require DNA as a template. Histones thereby play a central role in transcription regulation, DNA repair, DNA replication and chromosomal stability. DNA accessibility is regulated via a complex set of post-translational modifications of histones, also called histone code, and nucleosome remodeling
153	ECHS1	9606.ENSP00000357535	ECHS1	Enoyl-CoA hydratase, mitochondrial; Straight-chain enoyl-CoA thioesters from C4 up to at least C16 are processed, although with decreasing catalytic rate. Has high substrate specificity for crotonyl-CoA and moderate specificity for acryloyl-CoA, 3-methylcrotonyl-CoA and methacrylyl-CoA. It is noteworthy that binds tiglyl-CoA, but hydrates only a small amount of this substrate
154	PRKCB	9606.ENSP00000305355	PRKCB	Protein kinase C beta type; Calcium-activated, phospholipid- and diacylglycerol (DAG)-dependent serine/threonine-protein kinase involved in various cellular processes such as regulation of the B-cell receptor (BCR) signalosome, oxidative stress-induced apoptosis, androgen receptor-dependent transcription regulation, insulin signaling and endothelial cells proliferation. Plays a key role in B-cell activation by regulating BCR-induced NF-kappa-B activation. Mediates the activation of the canonical NF-kappa-B pathway (NFKB1) by direct phosphorylation of CARD11/CARMA1 at 'Ser-559', 'Ser-64 [...] 
155	RGS16	9606.ENSP00000356529	RGS16	Regulator of G-protein signaling 16; Regulates G protein-coupled receptor signaling cascades. Inhibits signal transduction by increasing the GTPase activity of G protein alpha subunits, thereby driving them into their inactive GDP-bound form. Plays an important role in the phototransduction cascade by regulating the lifetime and effective concentration of activated transducin alpha. May regulate extra and intracellular mitogenic signals (By similarity)
157	PLK3	9606.ENSP00000361275	PLK3	Serine/threonine-protein kinase PLK3; Serine/threonine-protein kinase involved in cell cycle regulation, response to stress and Golgi disassembly. Polo-like kinases act by binding and phosphorylating proteins are that already phosphorylated on a specific motif recognized by the POLO box domains. Phosphorylates ATF2, BCL2L1, CDC25A, CDC25C, CHEK2, HIF1A, JUN, p53/TP53, p73/TP73, PTEN, TOP2A and VRK1. Involved in cell cycle regulation: required for entry into S phase and cytokinesis. Phosphorylates BCL2L1, leading to regulate the G2 checkpoint and progression to cytokinesis during mitosi [...] 
158	LOC102724334	9606.ENSP00000481622	H2BFS	H2B histone family member S; Histone H2B type F-S; Core component of nucleosome. Nucleosomes wrap and compact DNA into chromatin, limiting DNA accessibility to the cellular machineries which require DNA as a template. Histones thereby play a central role in transcription regulation, DNA repair, DNA replication and chromosomal stability. DNA accessibility is regulated via a complex set of post-translational modifications of histones, also called histone code, and nucleosome remodeling
159	ELOVL4	9606.ENSP00000358831	ELOVL4	Elongation of very long chain fatty acids protein 4; Catalyzes the first and rate-limiting reaction of the four that constitute the long-chain fatty acids elongation cycle. This endoplasmic reticulum-bound enzymatic process, allows the addition of 2 carbons to the chain of long- and very long-chain fatty acids/VLCFAs per cycle. Condensing enzyme that specifically elongates C24:0 and C26:0 acyl-CoAs. May participate in the production of saturated and monounsaturated VLCFAs of different chain lengths that are involved in multiple biological processes as precursors of membrane lipids and  [...] 
160	SEMA7A	9606.ENSP00000261918	SEMA7A	Semaphorin 7a (john milton hagen blood group); Semaphorin-7A; Plays an important role in integrin-mediated signaling and functions both in regulating cell migration and immune responses. Promotes formation of focal adhesion complexes, activation of the protein kinase PTK2/FAK1 and subsequent phosphorylation of MAPK1 and MAPK3. Promotes production of proinflammatory cytokines by monocytes and macrophages. Plays an important role in modulating inflammation and T-cell-mediated immune responses. Promotes axon growth in the embryonic olfactory bulb. Promotes attachment, spreading and dendri [...] 
161	PLPP3	9606.ENSP00000360296	PPAP2B	Phosphatidate phosphatase; Phospholipid phosphatase 3; Catalyzes the conversion of phosphatidic acid (PA) to diacylglycerol (DG). In addition it hydrolyzes lysophosphatidic acid (LPA), ceramide-1-phosphate (C-1-P) and sphingosine-1- phosphate (S-1-P). The relative catalytic efficiency is LPA = PA > C-1-P > S-1-P. May be involved in cell adhesion and in cell-cell interactions
162	H1-10	9606.ENSP00000329662	H1FX	H1 histone family member X; Histone H1x; Histones H1 are necessary for the condensation of nucleosome chains into higher-order structures
163	LMNA	9606.ENSP00000357283	LMNA	Prelamin-A/C; Lamins are components of the nuclear lamina, a fibrous layer on the nucleoplasmic side of the inner nuclear membrane, which is thought to provide a framework for the nuclear envelope and may also interact with chromatin. Lamin A and C are present in equal amounts in the lamina of mammals. Plays an important role in nuclear assembly, chromatin organization, nuclear membrane and telomere dynamics. Required for normal development of peripheral nervous system and skeletal muscle and for muscle satellite cell proliferation. Required for osteoblastogenesis and bone formation. A [...] 
164	METTL26	9606.ENSP00000440765	C16orf13	Methyltransferase-like 26; Chromosome 16 open reading frame 13
165	SYNJ2	9606.ENSP00000347792	SYNJ2	Synaptojanin-2; Inositol 5-phosphatase which may be involved in distinct membrane trafficking and signal transduction pathways. May mediate the inhibitory effect of Rac1 on endocytosis; Belongs to the synaptojanin family
166	PLAU	9606.ENSP00000361850	PLAU	Urokinase-type plasminogen activator; Specifically cleaves the zymogen plasminogen to form the active enzyme plasmin
167	CAMK1	9606.ENSP00000256460	CAMK1	Calcium/calmodulin-dependent protein kinase type 1; Calcium/calmodulin-dependent protein kinase that operates in the calcium-triggered CaMKK-CaMK1 signaling cascade and, upon calcium influx, regulates transcription activators activity, cell cycle, hormone production, cell differentiation, actin filament organization and neurite outgrowth. Recognizes the substrate consensus sequence [MVLIF]-x-R-x(2)-[ST]-x(3)-[MVLIF]. Regulates axonal extension and growth cone motility in hippocampal and cerebellar nerve cells. Upon NMDA receptor-mediated Ca(2+) elevation, promotes dendritic growth in h [...] 
168	H3-3B	9606.ENSP00000254810	H3F3B	H3 histone, family 3B (H3.3B); Variant histone H3 which replaces conventional H3 in a wide range of nucleosomes in active genes. Constitutes the predominant form of histone H3 in non-dividing cells and is incorporated into chromatin independently of DNA synthesis. Deposited at sites of nucleosomal displacement throughout transcribed genes, suggesting that it represents an epigenetic imprint of transcriptionally active chromatin. Nucleosomes wrap and compact DNA into chromatin, limiting DNA accessibility to the cellular machineries which require DNA as a template. Histones thereby play  [...] 
169	MAP4	9606.ENSP00000353375	MAP4	Microtubule-associated protein 4; Non-neuronal microtubule-associated protein. Promotes microtubule assembly
170	HINT2	9606.ENSP00000259667	HINT2	Histidine triad nucleotide-binding protein 2, mitochondrial; Hydrolase probably involved in steroid biosynthesis. May play a role in apoptosis. Has adenosine phosphoramidase activity; Belongs to the HINT family
171	PLAUR	9606.ENSP00000339328	PLAUR	Urokinase plasminogen activator surface receptor; Acts as a receptor for urokinase plasminogen activator. Plays a role in localizing and promoting plasmin formation. Mediates the proteolysis-independent signal transduction activation effects of U-PA. It is subject to negative-feedback regulation by U-PA which cleaves it into an inactive form; CD molecules
172	YIPF5	9606.ENSP00000274496	YIPF5	Protein YIPF5; Plays a role in transport between endoplasmic reticulum and Golgi; Yip1 domain containing
173	GNA12	9606.ENSP00000275364	GNA12	Guanine nucleotide-binding protein subunit alpha-12; Guanine nucleotide-binding proteins (G proteins) are involved as modulators or transducers in various transmembrane signaling systems. Activates effector molecule RhoA by binding and activating RhoGEFs (ARHGEF12/LARG). GNA12-dependent Rho signaling subsequently regulates transcription factor AP-1 (activating protein-1) (By similarity). GNA12-dependent Rho signaling also regulates protein phosphatese 2A activation causing dephosphorylation of its target proteins. Promotes tumor cell invasion and metastasis by activating RhoA/ROCK sign [...] 
174	NDRG3	9606.ENSP00000345292	NDRG3	Protein NDRG3; NDRG family member 3; Belongs to the NDRG family
175	TRAPPC6A	9606.ENSP00000006275	TRAPPC6A	Trafficking protein particle complex subunit 6A; May play a role in vesicular transport during the biogenesis of melanosomes; Trafficking protein particle complex
176	HBEGF	9606.ENSP00000230990	HBEGF	Proheparin-binding EGF-like growth factor; Growth factor that mediates its effects via EGFR, ERBB2 and ERBB4. Required for normal cardiac valve formation and normal heart function. Promotes smooth muscle cell proliferation. May be involved in macrophage-mediated cellular proliferation. It is mitogenic for fibroblasts, but not endothelial cells. It is able to bind EGF receptor/EGFR with higher affinity than EGF itself and is a far more potent mitogen for smooth muscle cells than EGF. Also acts as a diphtheria toxin receptor
177	HBA1	9606.ENSP00000322421	HBA1	Hemoglobin subunit alpha; Involved in oxygen transport from the lung to the various peripheral tissues; Belongs to the globin family
178	BBS9	9606.ENSP00000242067	BBS9	Bardet-biedl syndrome 9 protein; Protein PTHB1; The BBSome complex is thought to function as a coat complex required for sorting of specific membrane proteins to the primary cilia. The BBSome complex is required for ciliogenesis but is dispensable for centriolar satellite function. This ciliogenic function is mediated in part by the Rab8 GDP/GTP exchange factor, which localizes to the basal body and contacts the BBSome. Rab8(GTP) enters the primary cilium and promotes extension of the ciliary membrane. Firstly the BBSome associates with the ciliary membrane and binds to RAB3IP/Rabin8,  [...] 
179	CCL5	9606.ENSP00000474412	CCL5	C-C motif chemokine 5; Chemoattractant for blood monocytes, memory T-helper cells and eosinophils. Causes the release of histamine from basophils and activates eosinophils. May activate several chemokine receptors including CCR1, CCR3, CCR4 and CCR5. One of the major HIV-suppressive factors produced by CD8+ T-cells. Recombinant RANTES protein induces a dose-dependent inhibition of different strains of HIV-1, HIV-2, and simian immunodeficiency virus (SIV). The processed form RANTES(3-68) acts as a natural chemotaxis inhibitor and is a more potent inhibitor of HIV-1- infection. The secon [...] 
180	NPRL3	9606.ENSP00000483814	NPRL3	Nitrogen permease regulator 3-like protein; GATOR complex protein NPRL3; As a component of the GATOR1 complex functions as an inhibitor of the amino acid-sensing branch of the TORC1 pathway. The GATOR1 complex strongly increases GTP hydrolysis by RRAGA and RRAGB within RRAGC-containing heterodimers, thereby deactivating RRAGs, releasing mTORC1 from lysosomal surface and inhibiting mTORC1 signaling. The GATOR1 complex is negatively regulated by GATOR2 the other GATOR subcomplex in this amino acid-sensing branch of the TORC1 pathway; Belongs to the NPR3 family
181	PRMT9	9606.ENSP00000314396	PRMT9	Protein arginine N-methyltransferase 9; Arginine methyltransferase that can both catalyze the formation of omega-N monomethylarginine (MMA) and symmetrical dimethylarginine (sDMA). Specifically mediates the symmetrical dimethylation of SF3B2. Involved in the regulation of alternative splicing of pre-mRNA; Belongs to the class I-like SAM-binding methyltransferase superfamily. Protein arginine N- methyltransferase family
182	GSTK1	9606.ENSP00000431049	GSTK1	Glutathione s-transferase kappa 1; Soluble glutathione S-transferases
183	CXCR6	9606.ENSP00000395704	CXCR6	C-X-C chemokine receptor type 6; Receptor for the C-X-C chemokine CXCL16. Used as a coreceptor by SIVs and by strains of HIV-2 and m-tropic HIV-1
184	C8orf82	9606.ENSP00000436621	C8orf82	UPF0598 protein C8orf82; Chromosome 8 open reading frame 82
185	ITGAV	9606.ENSP00000261023	ITGAV	Integrin alpha-V; The alpha-V (ITGAV) integrins are receptors for vitronectin, cytotactin, fibronectin, fibrinogen, laminin, matrix metalloproteinase-2, osteopontin, osteomodulin, prothrombin, thrombospondin and vWF. They recognize the sequence R-G-D in a wide array of ligands. ITGAV:ITGB3 binds to fractalkine (CX3CL1) and may act as its coreceptor in CX3CR1-dependent fractalkine signaling. ITGAV:ITGB3 binds to NRG1 (via EGF domain) and this binding is essential for NRG1-ERBB signaling. ITGAV:ITGB3 binds to FGF1 and this binding is essential for FGF1 signaling. ITGAV:ITGB3 binds to IGF [...] 
186	PSME2	9606.ENSP00000216802	PSME2	Proteasome activator subunit 2 (pa28 beta); Proteasome activator complex subunit 2; Implicated in immunoproteasome assembly and required for efficient antigen processing. The PA28 activator complex enhances the generation of class I binding peptides by altering the cleavage pattern of the proteasome
187	ANXA4	9606.ENSP00000377833	ANXA4	Annexin A4; Calcium/phospholipid-binding protein which promotes membrane fusion and is involved in exocytosis; Annexins
188	SLCO4A1	9606.ENSP00000217159	SLCO4A1	Solute carrier organic anion transporter family member 4A1; Mediates the Na(+)-independent transport of organic anions such as the thyroid hormones T3 (triiodo-L-thyronine), T4 (thyroxine) and rT3, and of estrone-3-sulfate and taurocholate; Belongs to the organo anion transporter (TC 2.A.60) family
189	DNAJB5	9606.ENSP00000404079	DNAJB5	DnaJ heat shock protein family member B5
190	ACKR3	9606.ENSP00000272928	ACKR3	C-x-c chemokine receptor type 7 (atypical chemokine receptor 3); Atypical chemokine receptor 3; Atypical chemokine receptor that controls chemokine levels and localization via high-affinity chemokine binding that is uncoupled from classic ligand-driven signal transduction cascades, resulting instead in chemokine sequestration, degradation, or transcytosis. Also known as interceptor (internalizing receptor) or chemokine-scavenging receptor or chemokine decoy receptor. Acts as a receptor for chemokines CXCL11 and CXCL12/SDF1. Chemokine binding does not activate G-protein- mediated signal [...] 
191	CAMSAP2	9606.ENSP00000236925	CAMSAP2	Calmodulin-regulated spectrin-associated protein 2; Key microtubule-organizing protein that specifically binds the minus-end of non-centrosomal microtubules and regulates their dynamics and organization. Specifically recognizes growing microtubule minus-ends and autonomously decorates and stabilizes microtubule lattice formed by microtubule minus-end polymerization. Acts on free microtubule minus-ends that are not capped by microtubule-nucleating proteins or other factors and protects microtubule minus-ends from depolymerization. In addition, it also reduces the velocity of microtubule [...] 
192	ABCG1	9606.ENSP00000354995	ABCG1	ATP-binding cassette sub-family G member 1; Transporter involved in macrophage lipid homeostasis. Is an active component of the macrophage lipid export complex. Could also be involved in intracellular lipid transport processes. The role in cellular lipid homeostasis may not be limited to macrophages; ATP binding cassette subfamily G
193	IER3	9606.ENSP00000259874	IER3	Immediate early response 3; Radiation-inducible immediate-early gene IEX-1; May play a role in the ERK signaling pathway by inhibiting the dephosphorylation of ERK by phosphatase PP2A- PPP2R5C holoenzyme. Acts also as an ERK downstream effector mediating survival. As a member of the NUPR1/RELB/IER3 survival pathway, may provide pancreatic ductal adenocarcinoma with remarkable resistance to cell stress, such as starvation or gemcitabine treatment
194	TFPI	9606.ENSP00000233156	TFPI	Tissue factor pathway inhibitor; Inhibits factor X (X(a)) directly and, in a Xa-dependent way, inhibits VIIa/tissue factor activity, presumably by forming a quaternary Xa/LACI/VIIa/TF complex. It possesses an antithrombotic action and also the ability to associate with lipoproteins in plasma
195	GSPT1	9606.ENSP00000398131	GSPT1	Eukaryotic peptide chain release factor GTP-binding subunit ERF3A; Involved in translation termination in response to the termination codons UAA, UAG and UGA. Stimulates the activity of ERF1. Involved in regulation of mammalian cell growth. Component of the transient SURF complex which recruits UPF1 to stalled ribosomes in the context of nonsense-mediated decay (NMD) of mRNAs containing premature stop codons; Belongs to the TRAFAC class translation factor GTPase superfamily. Classic translation factor GTPase family. ERF3 subfamily
196	R3HDM2	9606.ENSP00000317903	R3HDM2	R3H domain-containing protein 2; R3H domain containing 2
197	FTH1	9606.ENSP00000273550	FTH1	Ferritin heavy chain; Stores iron in a soluble, non-toxic, readily available form. Important for iron homeostasis. Has ferroxidase activity. Iron is taken up in the ferrous form and deposited as ferric hydroxides after oxidation. Also plays a role in delivery of iron to cells. Mediates iron uptake in capsule cells of the developing kidney (By similarity); Belongs to the ferritin family
198	NEK1	9606.ENSP00000424757	NEK1	Nima (never in mitosis gene a)-related kinase 1/4/5; Serine/threonine-protein kinase Nek1; Phosphorylates serines and threonines, but also appears to possess tyrosine kinase activity (By similarity). Involved in DNA damage checkpoint control and for proper DNA damage repair. In response to injury that includes DNA damage, NEK1 phosphorylates VDAC1 to limit mitochondrial cell death. May be implicated in the control of meiosis (By similarity). Involved in cilium assembly
199	IFNGR1	9606.ENSP00000356713	IFNGR1	Interferon gamma receptor 1; Associates with IFNGR2 to form a receptor for the cytokine interferon gamma (IFNG). Ligand binding stimulates activation of the JAK/STAT signaling pathway; CD molecules
200	BCL2A1	9606.ENSP00000267953	BCL2A1	Bcl-2-related protein A1; Retards apoptosis induced by IL-3 deprivation. May function in the response of hemopoietic cells to external signals and in maintaining endothelial survival during infection (By similarity). Can inhibit apoptosis induced by serum starvation in the mammary epithelial cell line HC11 (By similarity); BCL2 family
201	GEM	9606.ENSP00000297596	GEM	GTP-binding protein GEM; Could be a regulatory protein, possibly participating in receptor-mediated signal transduction at the plasma membrane. Has guanine nucleotide-binding activity but undetectable intrinsic GTPase activity; RGK type GTPase family
202	CYTIP	9606.ENSP00000264192	CYTIP	Cytohesin-interacting protein; By its binding to cytohesin-1 (CYTH1), it modifies activation of ARFs by CYTH1 and its precise function may be to sequester CYTH1 in the cytoplasm; PDZ domain containing
203	METTL26	9606.ENSP00000440765	C16orf13	Methyltransferase-like 26; Chromosome 16 open reading frame 13
204	YIPF5	9606.ENSP00000274496	YIPF5	Protein YIPF5; Plays a role in transport between endoplasmic reticulum and Golgi; Yip1 domain containing
205	SEMA6B	9606.ENSP00000467290	SEMA6B	Semaphorin-6B; May play a role in both peripheral and central nervous system development; Semaphorins
207	JUNB	9606.ENSP00000303315	JUNB	Transcription factor jun-B; Transcription factor involved in regulating gene activity following the primary growth factor response. Binds to the DNA sequence 5'-TGA[CG]TCA-3'; Belongs to the bZIP family. Jun subfamily
208	GZMA	9606.ENSP00000274306	GZMA	Granzyme A; Abundant protease in the cytosolic granules of cytotoxic T-cells and NK-cells which activates caspase-independent cell death with morphological features of apoptosis when delivered into the target cell through the immunological synapse. It cleaves after Lys or Arg. Cleaves APEX1 after 'Lys-31' and destroys its oxidative repair activity. Cleaves the nucleosome assembly protein SET after 'Lys-189', which disrupts its nucleosome assembly activity and allows the SET complex to translocate into the nucleus to nick and degrade the DNA; Belongs to the peptidase S1 family. Granzyme [...] 
209	CD58	9606.ENSP00000358501	CD58	Lymphocyte function-associated antigen 3; Ligand of the T-lymphocyte CD2 glycoprotein. This interaction is important in mediating thymocyte interactions with thymic epithelial cells, antigen-independent and -dependent interactions of T-lymphocytes with target cells and antigen- presenting cells and the T-lymphocyte rosetting with erythrocytes. In addition, the LFA-3/CD2 interaction may prime response by both the CD2+ and LFA-3+ cells
210	FOS	9606.ENSP00000306245	FOS	Proto-oncogene c-Fos; Nuclear phosphoprotein which forms a tight but non- covalently linked complex with the JUN/AP-1 transcription factor. In the heterodimer, FOS and JUN/AP-1 basic regions each seems to interact with symmetrical DNA half sites. On TGF-beta activation, forms a multimeric SMAD3/SMAD4/JUN/FOS complex at the AP1/SMAD- binding site to regulate TGF-beta-mediated signaling. Has a critical function in regulating the development of cells destined to form and maintain the skeleton. It is thought to have an important role in signal transduction, cell proliferation and different [...] 
211	SLC2A3	9606.ENSP00000075120	SLC2A3	Solute carrier family 2, facilitated glucose transporter member 3; Facilitative glucose transporter that can also mediate the uptake of various other monosaccharides across the cell membrane. Mediates the uptake of glucose, 2-deoxyglucose, galactose, mannose, xylose and fucose, and probably also dehydroascorbate. Does not mediate fructose transport; Belongs to the major facilitator superfamily. Sugar transporter (TC 2.A.1.1) family. Glucose transporter subfamily
212	CXCR4	9606.ENSP00000386884	CXCR4	C-X-C chemokine receptor type 4; Receptor for the C-X-C chemokine CXCL12/SDF-1 that transduces a signal by increasing intracellular calcium ion levels and enhancing MAPK1/MAPK3 activation. Acts as a receptor for extracellular ubiquitin; leading to enhanced intracellular calcium ions and reduced cellular cAMP levels. Involved in hematopoiesis and in cardiac ventricular septum formation. Also plays an essential role in vascularization of the gastrointestinal tract, probably by regulating vascular branching and/or remodeling processes in endothelial cells. Involved in cerebellar developme [...] 
213	GPRIN3	9606.ENSP00000476603	GPRIN3	G protein-regulated inducer of neurite outgrowth 3; May be involved in neurite outgrowth
214	ADGRG1	9606.ENSP00000455215	GPR56	Adhesion G-protein coupled receptor G1; Receptor involved in cell adhesion and probably in cell- cell interactions. Mediates cell matrix adhesion in developing neurons and hematopoietic stem cells. Receptor for collagen III/COL3A1 in the developing brain and involved in regulation of cortical development, specifically in maintenance of the pial basement membrane integrity and in cortical lamination (By similarity). Binding to the COL3A1 ligand inhibits neuronal migration and activates the RhoA pathway by coupling to GNA13 and possibly GNA12. Plays a role in the maintenance of hematopoi [...] 
215	ABCG1	9606.ENSP00000354995	ABCG1	ATP-binding cassette sub-family G member 1; Transporter involved in macrophage lipid homeostasis. Is an active component of the macrophage lipid export complex. Could also be involved in intracellular lipid transport processes. The role in cellular lipid homeostasis may not be limited to macrophages; ATP binding cassette subfamily G
216	CD55	9606.ENSP00000356030	CD55	Complement decay-accelerating factor; This protein recognizes C4b and C3b fragments that condense with cell-surface hydroxyl or amino groups when nascent C4b and C3b are locally generated during C4 and c3 activation. Interaction of daf with cell-associated C4b and C3b polypeptides interferes with their ability to catalyze the conversion of C2 and factor B to enzymatically active C2a and Bb and thereby prevents the formation of C4b2a and C3bBb, the amplification convertases of the complement cascade. Inhibits complement activation by destabilizing and preventing the formation of C3 and  [...] 
217	IFITM2	9606.ENSP00000484689	IFITM2	Interferon-induced transmembrane protein 2; IFN-induced antiviral protein which inhibits the entry of viruses to the host cell cytoplasm, permitting endocytosis, but preventing subsequent viral fusion and release of viral contents into the cytosol. Active against multiple viruses, including influenza A virus, SARS coronavirus (SARS-CoV), Marburg virus (MARV), Ebola virus (EBOV), Dengue virus (DNV), West Nile virus (WNV), human immunodeficiency virus type 1 (HIV-1) and vesicular stomatitis virus (VSV). Can inhibit: influenza virus hemagglutinin protein-mediated viral entry, MARV and EBO [...] 
218	HSPA1A	9606.ENSP00000364802	HSPA1A	Heat shock protein family a member 1a; Heat shock 70 kDa protein 1A; Molecular chaperone implicated in a wide variety of cellular processes, including protection of the proteome from stress, folding and transport of newly synthesized polypeptides, activation of proteolysis of misfolded proteins and the formation and dissociation of protein complexes. Plays a pivotal role in the protein quality control system, ensuring the correct folding of proteins, the re-folding of misfolded proteins and controlling the targeting of proteins for subsequent degradation. This is achieved through cycle [...] 
219	SERPINE1	9606.ENSP00000223095	SERPINE1	Plasminogen activator inhibitor 1; Serine protease inhibitor. This inhibitor acts as 'bait' for tissue plasminogen activator, urokinase, protein C and matriptase-3/TMPRSS7. Its rapid interaction with PLAT may function as a major control point in the regulation of fibrinolysis; Serpin peptidase inhibitors
220	CTH	9606.ENSP00000359976	CTH	Cystathionine gamma-lyase; Catalyzes the last step in the trans-sulfuration pathway from methionine to cysteine. Has broad substrate specificity. Converts cystathionine to cysteine, ammonia and 2-oxobutanoate. Converts two cysteine molecules to lanthionine and hydrogen sulfide. Can also accept homocysteine as substrate. Specificity depends on the levels of the endogenous substrates. Generates the endogenous signaling molecule hydrogen sulfide (H2S), and so contributes to the regulation of blood pressure. Acts as a cysteine-protein sulfhydrase by mediating sulfhydration of target protei [...] 
221	BASP1	9606.ENSP00000319281	BASP1	Brain abundant membrane attached signal protein 1; Belongs to the BASP1 family
222	COL7A1	9606.ENSP00000332371	COL7A1	Collagen alpha-1(VII) chain; Stratified squamous epithelial basement membrane protein that forms anchoring fibrils which may contribute to epithelial basement membrane organization and adherence by interacting with extracellular matrix (ECM) proteins such as type IV collagen; Collagens
223	PSME1	9606.ENSP00000372155	PSME1	Proteasome activator subunit 1 (pa28 alpha); Proteasome activator complex subunit 1; Implicated in immunoproteasome assembly and required for efficient antigen processing. The PA28 activator complex enhances the generation of class I binding peptides by altering the cleavage pattern of the proteasome
224	VEGFA	9606.ENSP00000478570	VEGFA	Vascular endothelial growth factor A; Growth factor active in angiogenesis, vasculogenesis and endothelial cell growth. Induces endothelial cell proliferation, promotes cell migration, inhibits apoptosis and induces permeabilization of blood vessels. Binds to the FLT1/VEGFR1 and KDR/VEGFR2 receptors, heparan sulfate and heparin. NRP1/Neuropilin-1 binds isoforms VEGF-165 and VEGF-145. Isoform VEGF165B binds to KDR but does not activate downstream signaling pathways, does not activate angiogenesis and inhibits tumor growth. Binding to NRP1 receptor initiates a signaling pathway needed fo [...] 
225	ENG	9606.ENSP00000362299	ENG	Endoglin; Vascular endothelium glycoprotein that plays an important role in the regulation of angiogenesis. Required for normal structure and integrity of adult vasculature. Regulates the migration of vascular endothelial cells. Required for normal extraembryonic angiogenesis and for embryonic heart development (By similarity). May play a critical role in the binding of endothelial cells to integrins and/or other RGD receptors. Acts as TGF-beta coreceptor and is involved in the TGF-beta/BMP signaling cascade that ultimately leads to the activation of SMAD transcription factors. Require [...] 
226	ANXA4	9606.ENSP00000377833	ANXA4	Annexin A4; Calcium/phospholipid-binding protein which promotes membrane fusion and is involved in exocytosis; Annexins
227	HS3ST1	9606.ENSP00000002596	HS3ST1	[heparan sulfate]-glucosamine 3-sulfotransferase 1; Heparan sulfate glucosamine 3-O-sulfotransferase 1; Sulfotransferase that utilizes 3'-phospho-5'-adenylyl sulfate (PAPS) to catalyze the transfer of a sulfo group to position 3 of glucosamine residues in heparan. Catalyzes the rate limiting step in the biosynthesis of heparan sulfate (HSact). This modification is a crucial step in the biosynthesis of anticoagulant heparan sulfate as it completes the structure of the antithrombin pentasaccharide binding site
228	HSPB1	9606.ENSP00000248553	HSPB1	Heat shock protein family b (small) member 1; Heat shock protein beta-1; Small heat shock protein which functions as a molecular chaperone probably maintaining denatured proteins in a folding- competent state. Plays a role in stress resistance and actin organization. Through its molecular chaperone activity may regulate numerous biological processes including the phosphorylation and the axonal transport of neurofilament proteins
229	SDCBP	9606.ENSP00000260130	SDCBP	Syntenin-1; Multifunctional adapter protein involved in diverse array of functions including trafficking of transmembrane proteins, neuro and immunomodulation, exosome biogenesis, and tumorigenesis. Positively regulates TGFB1- mediated SMAD2/3 activation and TGFB1-induced epithelial-to- mesenchymal transition (EMT) and cell migration in various cell types. May increase TGFB1 signaling by enhancing cell-surface expression of TGFR1 by preventing the interaction between TGFR1 and CAV1 and subsequent CAV1-dependent internalization and degradation of TGFR1. In concert with SDC1/4 and PDCD6I [...] 
230	FPR1	9606.ENSP00000471493	FPR1	Formyl peptide receptor 1; fMet-Leu-Phe receptor; High affinity receptor for N-formyl-methionyl peptides (fMLP), which are powerful neutrophil chemotactic factors. Binding of fMLP to the receptor stimulates intracellular calcium mobilization and superoxide anion release. This response is mediated via a G-protein that activates a phosphatidylinositol- calcium second messenger system
231	ELL2	9606.ENSP00000237853	ELL2	RNA polymerase II elongation factor ELL2; Elongation factor component of the super elongation complex (SEC), a complex required to increase the catalytic rate of RNA polymerase II transcription by suppressing transient pausing by the polymerase at multiple sites along the DNA. Component of the little elongation complex (LEC), a complex required to regulate small nuclear RNA (snRNA) gene transcription by RNA polymerase II and III. Plays a role in immunoglobulin secretion in plasma cells: directs efficient alternative mRNA processing, influencing both proximal poly(A) site choice and exo [...] 
232	GABBR1	9606.ENSP00000366233	GABBR1	Gamma-aminobutyric acid type B receptor subunit 1; Component of a heterodimeric G-protein coupled receptor for GABA, formed by GABBR1 and GABBR2. Within the heterodimeric GABA receptor, only GABBR1 seems to bind agonists, while GABBR2 mediates coupling to G proteins. Ligand binding causes a conformation change that triggers signaling via guanine nucleotide-binding proteins (G proteins) and modulates the activity of down-stream effectors, such as adenylate cyclase. Signaling inhibits adenylate cyclase, stimulates phospholipase A2, activates potassium channels, inactivates voltage-depend [...] 
234	TIMP1	9606.ENSP00000218388	TIMP1	Metalloproteinase inhibitor 1; Metalloproteinase inhibitor that functions by forming one to one complexes with target metalloproteinases, such as collagenases, and irreversibly inactivates them by binding to their catalytic zinc cofactor. Acts on MMP1, MMP2, MMP3, MMP7, MMP8, MMP9, MMP10, MMP11, MMP12, MMP13 and MMP16. Does not act on MMP14. Also functions as a growth factor that regulates cell differentiation, migration and cell death and activates cellular signaling cascades via CD63 and ITGB1. Plays a role in integrin signaling. Mediates erythropoiesis in vitro; but, unlike IL3, it  [...] 
235	PRKAR1A	9606.ENSP00000376475	PRKAR1A	cAMP-dependent protein kinase type I-alpha regulatory subunit; Regulatory subunit of the cAMP-dependent protein kinases involved in cAMP signaling in cells
236	AGO2	9606.ENSP00000220592	AGO2	Protein argonaute-2; Required for RNA-mediated gene silencing (RNAi) by the RNA-induced silencing complex (RISC). The 'minimal RISC' appears to include AGO2 bound to a short guide RNA such as a microRNA (miRNA) or short interfering RNA (siRNA). These guide RNAs direct RISC to complementary mRNAs that are targets for RISC-mediated gene silencing. The precise mechanism of gene silencing depends on the degree of complementarity between the miRNA or siRNA and its target. Binding of RISC to a perfectly complementary mRNA generally results in silencing due to endonucleolytic cleavage of the  [...] 
237	BAX	9606.ENSP00000293288	BAX	Apoptosis regulator BAX; Accelerates programmed cell death by binding to, and antagonizing the apoptosis repressor BCL2 or its adenovirus homolog E1B 19k protein. Under stress conditions, undergoes a conformation change that causes translocation to the mitochondrion membrane, leading to the release of cytochrome c that then triggers apoptosis. Promotes activation of CASP3, and thereby apoptosis; Belongs to the Bcl-2 family
238	SLC1A4	9606.ENSP00000234256	SLC1A4	Neutral amino acid transporter A; Transporter for alanine, serine, cysteine, and threonine. Exhibits sodium dependence; Solute carriers
239	PPARG	9606.ENSP00000287820	PPARG	Peroxisome proliferator-activated receptor gamma; Nuclear receptor that binds peroxisome proliferators such as hypolipidemic drugs and fatty acids. Once activated by a ligand, the nuclear receptor binds to DNA specific PPAR response elements (PPRE) and modulates the transcription of its target genes, such as acyl-CoA oxidase. It therefore controls the peroxisomal beta-oxidation pathway of fatty acids. Key regulator of adipocyte differentiation and glucose homeostasis. ARF6 acts as a key regulator of the tissue-specific adipocyte P2 (aP2) enhancer. Acts as a critical regulator of gut ho [...] 
240	TPM3	9606.ENSP00000357516	TPM3	Tropomyosin alpha-3 chain; Binds to actin filaments in muscle and non-muscle cells. Plays a central role, in association with the troponin complex, in the calcium dependent regulation of vertebrate striated muscle contraction. Smooth muscle contraction is regulated by interaction with caldesmon. In non-muscle cells is implicated in stabilizing cytoskeleton actin filaments; Belongs to the tropomyosin family
241	GLUL	9606.ENSP00000307900	GLUL	Glutamate-ammonia ligase; Glutamine synthetase; This enzyme has 2 functions: it catalyzes the production of glutamine and 4-aminobutanoate (gamma-aminobutyric acid, GABA), the latter in a pyridoxal phosphate-independent manner (By similarity). Essential for proliferation of fetal skin fibroblasts; Belongs to the glutamine synthetase family
242	AIF1	9606.ENSP00000365227	AIF1	Allograft inflammatory factor 1; Actin-binding protein that enhances membrane ruffling and RAC activation. Enhances the actin-bundling activity of LCP1. Binds calcium. Plays a role in RAC signaling and in phagocytosis. May play a role in macrophage activation and function. Promotes the proliferation of vascular smooth muscle cells and of T- lymphocytes. Enhances lymphocyte migration. Plays a role in vascular inflammation; EF-hand domain containing
243	YPEL4	9606.ENSP00000432648	YPEL4	Protein yippee-like 4; Yippee like family; Belongs to the yippee family
244	NAMPT	9606.ENSP00000222553	NAMPT	Nicotinamide phosphoribosyltransferase; Catalyzes the condensation of nicotinamide with 5- phosphoribosyl-1-pyrophosphate to yield nicotinamide mononucleotide, an intermediate in the biosynthesis of NAD. It is the rate limiting component in the mammalian NAD biosynthesis pathway. The secreted form behaves both as a cytokine with immunomodulating properties and an adipokine with anti-diabetic properties, it has no enzymatic activity, partly because of lack of activation by ATP, which has a low level in extracellular space and plasma. Plays a role in the modulation of circadian clock fun [...] 
245	DUSP10	9606.ENSP00000355866	DUSP10	Dual specificity protein phosphatase 10; Protein phosphatase involved in the inactivation of MAP kinases. Has a specificity for the MAPK11/MAPK12/MAPK13/MAPK14 subfamily. It preferably dephosphorylates p38
246	SYNJ2	9606.ENSP00000347792	SYNJ2	Synaptojanin-2; Inositol 5-phosphatase which may be involved in distinct membrane trafficking and signal transduction pathways. May mediate the inhibitory effect of Rac1 on endocytosis; Belongs to the synaptojanin family
247	GPRC5A	9606.ENSP00000014914	GPRC5A	G protein-coupled receptor family c group 5 member a; Retinoic acid-induced protein 3; Orphan receptor. Could be involved in modulating differentiation and maintaining homeostasis of epithelial cells. This retinoic acid-inducible GPCR provide evidence for a possible interaction between retinoid and G-protein signaling pathways. Functions as a negative modulator of EGFR signaling (By similarity). May act as a lung tumor suppressor
